Actual,Predicted,Difference,Percentage_Difference
980000.0,979991.9,-8.125,-0.0008290816326530612
600000.0,598321.4,-1678.625,-0.27977083333333336
530000.0,538150.1,8150.125,1.5377594339622642
980000.0,986401.8,6401.8125,0.6532461734693877
200000.0,220808.06,20808.0625,10.40403125
1200000.0,1197671.9,-2328.125,-0.19401041666666666
735000.0,734681.44,-318.5625,-0.04334183673469388
2900000.0,2896235.2,-3764.75,-0.1298189655172414
1600000.0,1606324.0,6324.0,0.39525000000000005
9500.0,16998.213,7498.212890625,78.92855674342105
3000000.0,2967112.8,-32887.25,-1.0962416666666668
1370000.0,1399317.4,29317.375,2.139954379562044
790000.0,769657.1,-20342.875,-2.5750474683544304
1100000.0,1117106.9,17106.875,1.5551704545454546
810000.0,821540.44,11540.4375,1.4247453703703703
650000.0,658210.3,8210.3125,1.263125
1500000.0,1487968.8,-12031.25,-0.8020833333333333
2550000.0,2573462.2,23462.25,0.9200882352941177
1490000.0,2506334.5,1016334.5,68.21036912751678
12500.0,12730.474,230.4736328125,1.8437890625000002
2040000.0,2028652.4,-11347.625,-0.5562561274509803
1245000.0,1245890.0,890.0,0.07148594377510041
1350000.0,1337089.2,-12910.75,-0.9563518518518518
1296000.0,1281139.9,-14860.125,-1.1466145833333334
2376000.0,2322482.2,-53517.75,-2.2524305555555553
1860000.0,1852749.8,-7250.25,-0.38979838709677417
520000.0,543496.1,23496.125,4.518485576923077
1600000.0,1605203.1,5203.125,0.3251953125
1150000.0,1134870.0,-15130.0,-1.3156521739130436
2980000.0,2988910.0,8910.0,0.29899328859060403
2282000.0,2273222.8,-8777.25,-0.3846297107800175
950000.0,959622.1,9622.125,1.0128552631578949
620000.0,603446.2,-16553.8125,-2.669969758064516
340000.0,370081.75,30081.75,8.847573529411765
1000000.0,991500.1,-8499.875,-0.8499875
2800000.0,2833199.8,33199.75,1.1857053571428573
930000.0,922060.6,-7939.375,-0.8536962365591397
850000.0,873858.3,23858.3125,2.806860294117647
765000.0,775666.8,10666.8125,1.3943545751633988
2700000.0,2732626.2,32626.25,1.2083796296296296
270000.0,279865.47,9865.46875,3.653877314814815
1230000.0,1230404.9,404.875,0.03291666666666667
1200000.0,1205914.1,5914.125,0.49284374999999997
261000.0,263332.62,2332.625,0.8937260536398468
515000.0,526741.06,11741.0625,2.2798179611650484
790000.0,794448.94,4448.9375,0.5631566455696202
540000.0,553167.25,13167.25,2.4383796296296296
1250000.0,1271009.9,21009.875,1.68079
260000.0,243520.72,-16479.28125,-6.338185096153846
780000.0,760881.25,-19118.75,-2.451121794871795
930000.0,935575.94,5575.9375,0.5995631720430108
2000000.0,1963285.1,-36714.875,-1.83574375
2950000.0,2956624.0,6624.0,0.22454237288135592
2300000.0,2294100.0,-5900.0,-0.25652173913043474
140000.0,135366.66,-4633.34375,-3.30953125
1400000.0,1427221.6,27221.625,1.9444017857142857
1500000.0,1477306.1,-22693.875,-1.512925
460000.0,602057.94,142057.9375,30.882160326086954
650000.0,663783.5,13783.5,2.1205384615384615
1250000.0,1262815.2,12815.25,1.02522
1100000.0,1102001.2,2001.25,0.18193181818181817
350000.0,335689.84,-14310.15625,-4.0886160714285715
68000.0,63608.957,-4391.04296875,-6.457416130514707
320000.0,324090.06,4090.0625,1.2781445312500002
1620000.0,1648021.2,28021.25,1.7297067901234568
560000.0,553574.8,-6425.1875,-1.1473549107142857
750000.0,749150.6,-849.375,-0.11325
36000.0,26147.172,-9852.828125,-27.36896701388889
310000.0,308536.5,-1463.5,-0.4720967741935484
1620000.0,1617230.5,-2769.5,-0.17095679012345677
890000.0,867454.75,-22545.25,-2.533174157303371
1400000.0,1426889.2,26889.25,1.9206607142857144
400000.0,403013.16,3013.15625,0.7532890625
1250000.0,1257938.2,7938.25,0.63506
145000.0,143968.27,-1031.734375,-0.7115409482758621
1350000.0,1328626.2,-21373.75,-1.5832407407407407
2200000.0,2193116.8,-6883.25,-0.312875
795900.0,792091.6,-3808.375,-0.4784991833144867
690000.0,678487.2,-11512.8125,-1.6685235507246376
700000.0,704460.8,4460.8125,0.6372589285714286
1500000.0,1507859.6,7859.625,0.523975
900000.0,889937.3,-10062.6875,-1.118076388888889
1040000.0,1047292.4,7292.375,0.7011899038461538
640000.0,646860.5,6860.5,1.071953125
2000000.0,1854890.1,-145109.875,-7.25549375
2470000.0,2471936.2,1936.25,0.0783906882591093
9000.0,11463.446,2463.4462890625,27.37162543402778
800000.0,820949.75,20949.75,2.61871875
2100000.0,2089163.4,-10836.625,-0.5160297619047619
640000.0,638751.6,-1248.375,-0.19505859375
390000.0,388935.6,-1064.40625,-0.2729246794871795
590000.0,602076.25,12076.25,2.046822033898305
3000000.0,3001191.5,1191.5,0.039716666666666664
1990000.0,2000840.1,10840.125,0.5447298994974875
890000.0,894750.5,4750.5,0.5337640449438202
600000.0,597073.25,-2926.75,-0.4877916666666667
850000.0,851171.7,1171.6875,0.1378455882352941
1520000.0,1522169.8,2169.75,0.1427467105263158
2300000.0,2368884.8,68884.75,2.994989130434783
890000.0,909476.5,19476.5,2.188370786516854
1550000.0,1505845.1,-44154.875,-2.8487016129032257
720000.0,737937.94,17937.9375,2.491380208333333
750000.0,767117.75,17117.75,2.2823666666666664
2400000.0,2407554.2,7554.25,0.31476041666666665
1750000.0,1624838.1,-125161.875,-7.152107142857143
230000.0,266010.9,36010.90625,15.656915760869566
1280000.0,1285619.5,5619.5,0.43902343749999995
400000.0,402358.3,2358.3125,0.589578125
900000.0,896739.56,-3260.4375,-0.3622708333333333
1800000.0,1776319.6,-23680.375,-1.315576388888889
370000.0,378142.22,8142.21875,2.2005996621621624
2650000.0,2645800.8,-4199.25,-0.15846226415094342
1600000.0,1582772.8,-17227.25,-1.0767031249999999
560000.0,568106.6,8106.625,1.4476116071428573
2100000.0,2117922.2,17922.25,0.8534404761904762
1537500.0,1547609.2,10109.25,0.6575121951219512
730000.0,725919.1,-4080.875,-0.5590239726027397
320000.0,310526.12,-9473.875,-2.9605859375000003
1650000.0,1641387.5,-8612.5,-0.521969696969697
1300000.0,1291827.0,-8173.0,-0.6286923076923077
1400000.0,1413638.1,13638.125,0.9741517857142856
2200000.0,2212609.5,12609.5,0.5731590909090909
1270000.0,1287312.2,17312.25,1.3631692913385827
1100000.0,1110907.1,10907.125,0.9915568181818182
1000000.0,1011282.2,11282.1875,1.12821875
450000.0,445480.7,-4519.3125,-1.0042916666666668
700000.0,698347.3,-1652.6875,-0.2360982142857143
680000.0,710076.2,30076.1875,4.422968750000001
1794500.0,1791069.2,-3430.75,-0.19118138757314015
1848000.0,1813979.8,-34020.25,-1.8409226190476191
760000.0,785872.75,25872.75,3.4043092105263155
1400000.0,1436329.9,36329.875,2.5949910714285713
600000.0,580244.1,-19755.875,-3.2926458333333333
1550000.0,1531426.1,-18573.875,-1.1983145161290323
1450000.0,1458971.5,8971.5,0.6187241379310345
2236000.0,2206071.0,-29929.0,-1.3385062611806797
1690000.0,1710919.6,20919.625,1.2378476331360946
1180000.0,1172317.4,-7682.625,-0.6510699152542373
270000.0,287641.84,17641.84375,6.534016203703703
1720000.0,1743314.8,23314.75,1.3555087209302326
800000.0,808988.6,8988.625,1.123578125
950000.0,974303.1,24303.125,2.5582236842105264
560000.0,564234.44,4234.4375,0.7561495535714285
2600000.0,2588010.2,-11989.75,-0.4611442307692308
1722000.0,1731313.1,9313.125,0.540831881533101
470000.0,458233.7,-11766.3125,-2.503470744680851
1500000.0,1484592.6,-15407.375,-1.0271583333333334
1300000.0,1305894.5,5894.5,0.45342307692307693
2000000.0,2041537.8,41537.75,2.0768874999999998
1550000.0,1584560.8,34560.75,2.229725806451613
2100000.0,2076923.4,-23076.625,-1.0988869047619048
1200000.0,1172584.8,-27415.25,-2.2846041666666665
600000.0,590129.75,-9870.25,-1.6450416666666665
170000.0,185142.6,15142.59375,8.907408088235295
600000.0,619500.06,19500.0625,3.250010416666667
980000.0,981846.75,1846.75,0.1884438775510204
9000.0,16689.648,7689.6484375,85.44053819444444
690002.0,650368.1,-39633.875,-5.744023205729838
850000.0,834045.2,-15954.8125,-1.8770367647058823
1100000.0,1121557.4,21557.375,1.9597613636363636
1590000.0,1531232.4,-58767.625,-3.6960770440251576
350000.0,353935.2,3935.1875,1.1243392857142855
1760000.0,1757630.1,-2369.875,-0.13465198863636363
2300000.0,2301747.0,1747.0,0.07595652173913044
920000.0,914063.8,-5936.1875,-0.6452377717391304
1500000.0,1499253.2,-746.75,-0.04978333333333333
550000.0,542952.06,-7047.9375,-1.281443181818182
930000.0,970901.75,40901.75,4.398037634408602
560000.0,573512.5,13512.5,2.4129464285714284
1690000.0,1682456.0,-7544.0,-0.4463905325443787
34000.0,23805.238,-10194.76171875,-29.984593290441175
400000.0,384041.78,-15958.21875,-3.9895546875
1522040.0,1509575.2,-12464.75,-0.8189502246984312
1350000.0,1338628.5,-11371.5,-0.8423333333333333
1800000.0,1799691.5,-308.5,-0.01713888888888889
930000.0,919728.56,-10271.4375,-1.1044556451612904
27000.0,29072.545,2072.544921875,7.676092303240741
1310000.0,1300993.1,-9006.875,-0.6875477099236641
2300000.0,2319377.2,19377.25,0.8424891304347827
2300000.0,2260966.0,-39034.0,-1.6971304347826086
1200000.0,1202489.2,2489.25,0.2074375
2300000.0,2302937.5,2937.5,0.1277173913043478
1400000.0,1394768.6,-5231.375,-0.3736696428571429
1300000.0,1339645.1,39645.125,3.049625
1200000.0,1207165.2,7165.25,0.5971041666666667
700000.0,682654.1,-17345.875,-2.477982142857143
820000.0,820485.5,485.5,0.059207317073170736
980000.0,977620.2,-2379.8125,-0.24283801020408163
1300000.0,1294579.0,-5421.0,-0.41700000000000004
990000.0,1004363.6,14363.625,1.4508712121212122
2450000.0,2497689.2,47689.25,1.9465
1350000.0,1374477.1,24477.125,1.8131203703703704
567000.0,584828.94,17828.9375,3.1444334215167546
1500000.0,1498897.9,-1102.125,-0.073475
460000.0,451752.16,-8247.84375,-1.7930095108695654
1600000.0,1597811.1,-2188.875,-0.1368046875
1400000.0,1415097.1,15097.125,1.0783660714285714
1100000.0,1086200.6,-13799.375,-1.2544886363636365
1270000.0,1277308.0,7308.0,0.5754330708661417
1180000.0,1182982.0,2982.0,0.2527118644067797
320000.0,325970.9,5970.90625,1.865908203125
16500.0,20422.887,3922.88671875,23.775071022727275
725000.0,741538.44,16538.4375,2.281163793103448
1900000.0,1874655.1,-25344.875,-1.3339407894736843
736000.0,728149.1,-7850.875,-1.066694972826087
2250000.0,2254486.8,4486.75,0.1994111111111111
1750000.0,1744055.1,-5944.875,-0.3397071428571429
2060000.0,2021325.5,-38674.5,-1.8774029126213594
440000.0,438422.75,-1577.25,-0.3584659090909091
700000.0,677296.9,-22703.125,-3.243303571428571
1370000.0,1339239.0,-30761.0,-2.2453284671532847
940000.0,949581.06,9581.0625,1.0192619680851063
1780000.0,1768044.5,-11955.5,-0.6716573033707866
1100000.0,1103379.6,3379.625,0.30723863636363635
700000.0,694175.44,-5824.5625,-0.8320803571428571
390000.0,413330.75,23330.75,5.9822435897435895
1650000.0,1694488.9,44488.875,2.6962954545454547
850000.0,841004.44,-8995.5625,-1.0583014705882352
3000000.0,3035871.8,35871.75,1.1957250000000001
670000.0,658819.5,-11180.5,-1.6687313432835822
2700000.0,2716245.8,16245.75,0.6016944444444444
1600000.0,1571854.0,-28146.0,-1.7591249999999998
1330000.0,1337507.2,7507.25,0.5644548872180452
310000.0,295954.0,-14046.0,-4.530967741935484
1050000.0,1099576.8,49576.75,4.7215952380952375
920000.0,923214.7,3214.6875,0.3494225543478261
780080.0,780276.94,196.9375,0.025245808122243873
1700000.0,1713093.5,13093.5,0.7702058823529412
2300000.0,2281681.8,-18318.25,-0.796445652173913
850000.0,864996.75,14996.75,1.7643235294117647
850000.0,838859.7,-11140.3125,-1.310625
1900000.0,1882842.5,-17157.5,-0.9030263157894738
2450000.0,2461121.0,11121.0,0.45391836734693874
2161250.0,2117900.8,-43349.25,-2.005748987854251
765000.0,795304.44,30304.4375,3.9613643790849675
615000.0,652650.3,37650.3125,6.122002032520325
1700000.0,1708284.8,8284.75,0.4873382352941176
850000.0,854380.9,4380.875,0.5153970588235294
1000000.0,989586.6,-10413.375,-1.0413375
12500.0,11117.387,-1382.61328125,-11.060906249999999
2000000.0,1926329.5,-73670.5,-3.683525
1150000.0,1145724.5,-4275.5,-0.37178260869565216
1590000.0,1611459.2,21459.25,1.3496383647798742
2500000.0,2582597.8,82597.75,3.30391
1350000.0,1372147.5,22147.5,1.6405555555555555
1150000.0,1132258.6,-17741.375,-1.5427282608695652
540000.0,562112.06,22112.0625,4.094826388888889
1150000.0,1144058.4,-5941.625,-0.5166630434782609
1150000.0,1185773.8,35773.75,3.110760869565217
1150000.0,1120752.1,-29247.875,-2.5432934782608694
850000.0,836908.2,-13091.8125,-1.5402132352941178
1200000.0,1220837.1,20837.125,1.7364270833333335
1300000.0,1305166.5,5166.5,0.3974230769230769
2150000.0,2153556.0,3556.0,0.1653953488372093
1200000.0,1193556.4,-6443.625,-0.53696875
2700000.0,2770751.5,70751.5,2.620425925925926
1170000.0,1191665.8,21665.75,1.8517735042735042
1900000.0,1908434.5,8434.5,0.44392105263157894
1600000.0,1596944.2,-3055.75,-0.190984375
2005000.0,1970187.4,-34812.625,-1.736290523690773
1250000.0,1243098.6,-6901.375,-0.55211
770000.0,849896.06,79896.0625,10.376112012987013
1150000.0,1120909.1,-29090.875,-2.529641304347826
540000.0,549820.75,9820.75,1.8186574074074073
850000.0,873024.9,23024.875,2.7088088235294117
730000.0,748190.44,18190.4375,2.4918407534246576
1500000.0,1540698.8,40698.75,2.71325
1116000.0,1141995.2,25995.25,2.329323476702509
1600000.0,1565235.2,-34764.75,-2.172796875
890000.0,889830.3,-169.6875,-0.019066011235955055
1700000.0,1713364.8,13364.75,0.7861617647058823
2850000.0,2850229.5,229.5,0.008052631578947369
979000.0,982346.2,3346.1875,0.3417964759959142
2200000.0,2169359.0,-30641.0,-1.3927727272727273
380000.0,371758.38,-8241.625,-2.1688486842105266
900000.0,905394.2,5394.1875,0.5993541666666667
784000.0,808591.75,24591.75,3.136702806122449
1050000.0,1055985.1,5985.125,0.5700119047619048
660000.0,648577.44,-11422.5625,-1.730691287878788
2050000.0,2028987.6,-21012.375,-1.0249939024390244
700000.0,710568.8,10568.8125,1.509830357142857
1375000.0,1354360.9,-20639.125,-1.5010272727272729
2500000.0,2491625.8,-8374.25,-0.33497
400000.0,392472.03,-7527.96875,-1.8819921874999999
960000.0,974223.9,14223.875,1.4816536458333334
990000.0,996667.8,6667.8125,0.6735164141414142
480000.0,465713.12,-14286.875,-2.9764322916666663
1200000.0,1183680.1,-16319.875,-1.3599895833333333
2900000.0,2877885.0,-22115.0,-0.7625862068965517
1050000.0,1046115.6,-3884.375,-0.3699404761904762
1100000.0,1085514.8,-14485.25,-1.3168409090909092
580000.0,592647.06,12647.0625,2.1805280172413792
2500000.0,2500320.8,320.75,0.01283
1385000.0,1353548.1,-31451.875,-2.2708935018050544
660000.0,678482.8,18482.8125,2.8004261363636362
25000.0,-104558.45,-129558.453125,-518.2338125
350000.0,350478.12,478.125,0.13660714285714284
1850000.0,1816915.4,-33084.625,-1.7883581081081081
982800.0,991522.8,8722.8125,0.8875470594220595
9000.0,6681.3364,-2318.66357421875,-25.762928602430556
1200000.0,1180755.5,-19244.5,-1.6037083333333333
420000.0,410711.38,-9288.625,-2.211577380952381
620000.0,610982.75,-9017.25,-1.4543951612903225
65000.0,76476.85,11476.8515625,17.656694711538464
940000.0,953313.8,13313.8125,1.4163630319148937
1970000.0,1939874.2,-30125.75,-1.529225888324873
340000.0,339161.06,-838.9375,-0.24674632352941175
1351000.0,1339947.6,-11052.375,-0.8180884529977793
700000.0,701109.44,1109.4375,0.15849107142857144
1200000.0,1180396.0,-19604.0,-1.6336666666666666
1250000.0,1261019.1,11019.125,0.88153
880000.0,871512.94,-8487.0625,-0.9644389204545455
600000.0,561641.8,-38358.1875,-6.39303125
1180000.0,1185405.1,5405.125,0.4580614406779661
1580000.0,1558126.4,-21873.625,-1.3844066455696202
7000.0,7254.5107,254.5107421875,3.635867745535714
380000.0,373859.72,-6140.28125,-1.6158634868421051
1053000.0,1055752.6,2752.625,0.2614078822412156
1400000.0,1401361.4,1361.375,0.09724107142857143
966000.0,951871.56,-14128.4375,-1.4625711697722568
1300000.0,1299306.5,-693.5,-0.05334615384615384
2200000.0,2168120.5,-31879.5,-1.4490681818181816
750000.0,758115.8,8115.8125,1.0821083333333334
2000000.0,1990331.5,-9668.5,-0.483425
1400000.0,1409908.4,9908.375,0.7077410714285715
980000.0,975777.7,-4222.3125,-0.43084821428571424
1500000.0,1522318.4,22318.375,1.4878916666666666
2050000.0,2029400.1,-20599.875,-1.0048719512195123
1590000.0,1590601.9,601.875,0.037853773584905666
1400000.0,1412394.1,12394.125,0.8852946428571429
2700000.0,2676977.0,-23023.0,-0.8527037037037037
520000.0,529879.3,9879.3125,1.8998677884615383
620000.0,618510.56,-1489.4375,-0.24023185483870968
2000000.0,2014663.8,14663.75,0.7331875
1030000.0,1054447.2,24447.25,2.373519417475728
1430000.0,1454101.0,24101.0,1.6853846153846153
1092500.0,1112727.0,20227.0,1.8514416475972542
1500000.0,1565660.8,65660.75,4.377383333333333
480000.0,479563.53,-436.46875,-0.09093098958333334
1450000.0,1436802.1,-13197.875,-0.910198275862069
800000.0,819025.1,19025.125,2.3781406250000003
320000.0,326396.75,6396.75,1.998984375
1390000.0,1388566.5,-1433.5,-0.1031294964028777
1300000.0,1315484.1,15484.125,1.1910865384615383
900000.0,872841.2,-27158.8125,-3.0176458333333334
1610000.0,1625921.4,15921.375,0.9889052795031056
2700000.0,2702431.5,2431.5,0.09005555555555556
1540000.0,1544469.6,4469.625,0.29023538961038964
1350000.0,1351561.0,1561.0,0.11562962962962964
1260000.0,1250022.6,-9977.375,-0.7918551587301587
3000000.0,2855000.2,-144999.75,-4.833325
2200000.0,2203453.5,3453.5,0.15697727272727274
860000.0,860819.4,819.375,0.09527616279069767
540000.0,524024.88,-15975.125,-2.9583564814814816
1600000.0,1605216.8,5216.75,0.326046875
1200000.0,1205711.0,5711.0,0.47591666666666665
1100000.0,1121584.1,21584.125,1.962193181818182
2600000.0,2497565.0,-102435.0,-3.9398076923076926
500000.0,496318.22,-3681.78125,-0.73635625
8000.0,9242.782,1242.7822265625,15.53477783203125
1550000.0,1565516.2,15516.25,1.0010483870967741
370000.0,375235.9,5235.90625,1.4151097972972972
400000.0,397070.5,-2929.5,-0.732375
1100000.0,1127195.8,27195.75,2.472340909090909
1005000.0,996754.56,-8245.4375,-0.8204415422885571
790000.0,783078.9,-6921.125,-0.8760917721518987
750000.0,751406.06,1406.0625,0.187475
1085500.0,1070224.2,-15275.75,-1.4072547213265776
1050000.0,1057349.2,7349.25,0.6999285714285713
920000.0,923723.7,3723.6875,0.40474864130434784
1700000.0,1705029.4,5029.375,0.2958455882352941
2500000.0,2507449.5,7449.5,0.29797999999999997
1580000.0,1595300.6,15300.625,0.9683939873417721
1650000.0,1648156.8,-1843.25,-0.11171212121212121
950000.0,1070760.5,120760.5,12.711631578947369
2500000.0,2481628.2,-18371.75,-0.7348699999999999
600000.0,601251.8,1251.8125,0.20863541666666666
2000000.0,2009146.1,9146.125,0.45730624999999997
1950000.0,2001872.2,51872.25,2.6601153846153847
560000.0,562258.75,2258.75,0.40334821428571427
1856000.0,1850737.2,-5262.75,-0.28355334051724135
1200000.0,1192308.1,-7691.875,-0.6409895833333333
400000.0,390432.03,-9567.96875,-2.3919921875
2000000.0,1986809.5,-13190.5,-0.659525
1280000.0,1282376.4,2376.375,0.185654296875
450000.0,452831.34,2831.34375,0.6291875
1700000.0,1694668.9,-5331.125,-0.31359558823529415
1920000.0,1912102.6,-7897.375,-0.41132161458333333
1770000.0,1760818.5,-9181.5,-0.5187288135593221
900000.0,910342.25,10342.25,1.149138888888889
350000.0,353978.88,3978.875,1.1368214285714284
1100000.0,1090708.9,-9291.125,-0.8446477272727272
405000.0,403249.34,-1750.65625,-0.4322608024691358
980000.0,978917.2,-1082.8125,-0.11049107142857142
3000000.0,2983427.5,-16572.5,-0.5524166666666667
1050000.0,1055985.1,5985.125,0.5700119047619048
1200000.0,1229764.9,29764.875,2.48040625
550000.0,549918.5,-81.5,-0.014818181818181819
375000.0,412387.88,37387.875,9.9701
1851000.0,1827165.9,-23834.125,-1.2876350621285793
1349998.0,1354766.4,4768.375,0.35321348624220184
540000.0,540228.44,228.4375,0.04230324074074074
1196000.0,1197851.4,1851.375,0.1547972408026756
1450000.0,1460475.9,10475.875,0.7224741379310345
630000.0,677648.3,47648.3125,7.563224206349206
13500.0,11471.623,-2028.376953125,-15.025014467592593
500000.0,487054.97,-12945.03125,-2.58900625
2040000.0,2028652.4,-11347.625,-0.5562561274509803
600000.0,618696.4,18696.375,3.1160625
559900.0,564682.9,4782.875,0.854237363814967
1250000.0,1250404.4,404.375,0.032350000000000004
550000.0,561810.7,11810.6875,2.147397727272727
1750000.0,1718047.0,-31953.0,-1.8258857142857143
672000.0,676829.5,4829.5,0.7186755952380952
800000.0,804257.0,4257.0,0.532125
780000.0,771216.44,-8783.5625,-1.1260977564102563
730000.0,720108.2,-9891.8125,-1.355042808219178
160000.0,181820.75,21820.75,13.63796875
1520000.0,1521549.1,1549.125,0.10191611842105264
2200000.0,2166426.5,-33573.5,-1.5260681818181818
700000.0,705793.3,5793.3125,0.8276160714285715
1850000.0,1860276.9,10276.875,0.5555067567567568
2100000.0,2120074.0,20074.0,0.955904761904762
2900000.0,2853702.5,-46297.5,-1.5964655172413793
850000.0,848730.2,-1269.8125,-0.14938970588235295
930000.0,922080.5,-7919.5,-0.8515591397849462
1700000.0,1657208.6,-42791.375,-2.5171397058823533
1800000.0,1793337.0,-6663.0,-0.37016666666666664
1107000.0,1078636.6,-28363.375,-2.562183830171635
2150000.0,2174948.5,24948.5,1.1603953488372092
700000.0,728611.44,28611.4375,4.087348214285715
940000.0,929032.06,-10967.9375,-1.1668018617021276
400000.0,400697.9,697.90625,0.1744765625
2000000.0,1994077.0,-5923.0,-0.29615
1060000.0,1067121.9,7121.875,0.671875
640000.0,639542.25,-457.75,-0.07152343750000001
2000000.0,2012597.0,12597.0,0.62985
1300000.0,1311635.9,11635.875,0.8950673076923077
510000.0,499418.47,-10581.53125,-2.074810049019608
550000.0,503580.56,-46419.4375,-8.439897727272728
1550000.0,1572024.5,22024.5,1.4209354838709676
2190000.0,2209093.5,19093.5,0.8718493150684933
480000.0,475799.9,-4200.09375,-0.87501953125
1850000.0,1833286.2,-16713.75,-0.903445945945946
2000000.0,2019492.6,19492.625,0.97463125
69000.0,71652.75,2652.75,3.844565217391304
860000.0,861330.2,1330.1875,0.15467296511627907
13000.0,46758.355,33758.35546875,259.67965745192305
1350000.0,1352894.6,2894.625,0.21441666666666667
780000.0,779901.06,-98.9375,-0.012684294871794871
780000.0,779302.1,-697.875,-0.08947115384615384
820000.0,818929.1,-1070.875,-0.13059451219512194
420000.0,407752.84,-12247.15625,-2.9159895833333334
900000.0,915687.1,15687.125,1.7430138888888886
900000.0,903246.7,3246.6875,0.3607430555555556
214000.0,243788.28,29788.28125,13.919757593457943
1060000.0,1061726.0,1726.0,0.16283018867924529
13800.0,12229.483,-1570.5166015625,-11.38055508378623
1150000.0,1154721.5,4721.5,0.4105652173913043
2160000.0,2161663.0,1663.0,0.07699074074074073
900000.0,912220.7,12220.6875,1.3578541666666666
630000.0,604885.6,-25114.375,-3.9864087301587303
1150000.0,1173445.2,23445.25,2.0387173913043477
1650000.0,1658309.1,8309.125,0.5035833333333333
800000.0,812637.9,12637.875,1.5797343750000001
740000.0,767361.0,27361.0,3.6974324324324326
860000.0,864811.8,4811.8125,0.5595130813953488
1900000.0,1862300.1,-37699.875,-1.9842039473684212
1060000.0,1074324.6,14324.625,1.3513797169811321
1690000.0,1672094.6,-17905.375,-1.059489644970414
1110000.0,1131047.6,21047.625,1.8961824324324323
1800000.0,1809285.9,9285.875,0.5158819444444445
420000.0,404101.5,-15898.5,-3.7853571428571433
460000.0,447934.16,-12065.84375,-2.623009510869565
1600000.0,1590257.9,-9742.125,-0.6088828125
680000.0,704225.4,24225.375,3.5625551470588235
1300000.0,1308637.9,8637.875,0.664451923076923
1450000.0,1467134.5,17134.5,1.1816896551724136
1250000.0,1260064.9,10064.875,0.8051900000000001
1300000.0,1298906.1,-1093.875,-0.08414423076923076
2200000.0,2253495.5,53495.5,2.4316136363636365
680000.0,666297.3,-13702.6875,-2.0151011029411765
1750000.0,1746315.4,-3684.625,-0.21055000000000001
440000.0,443931.84,3931.84375,0.8936008522727273
2800000.0,2793547.5,-6452.5,-0.23044642857142855
2500000.0,2484715.8,-15284.25,-0.61137
1248000.0,1204890.6,-43109.375,-3.4542768429487176
860000.0,860117.9,117.875,0.013706395348837209
2400000.0,2402006.0,2006.0,0.08358333333333333
2500000.0,2486076.0,-13924.0,-0.55696
2500000.0,2536427.0,36427.0,1.45708
1200000.0,1239035.5,39035.5,3.2529583333333334
2300000.0,2273783.2,-26216.75,-1.139858695652174
775000.0,876588.75,101588.75,13.108225806451612
1400000.0,1392240.2,-7759.75,-0.5542678571428572
794450.0,800129.6,5679.625,0.7149128327773931
2350000.0,2382560.5,32560.5,1.3855531914893617
1800000.0,1745274.2,-54725.75,-3.0403194444444446
1050000.0,1052592.1,2592.125,0.24686904761904763
1100000.0,1110677.9,10677.875,0.9707159090909091
2500000.0,2483040.5,-16959.5,-0.6783800000000001
590000.0,609770.56,19770.5625,3.3509427966101692
750000.0,742104.94,-7895.0625,-1.052675
199000.0,226484.03,27484.03125,13.811070979899498
1550000.0,1567052.1,17052.125,1.1001370967741935
250000.0,254861.8,4861.796875,1.94471875
1850000.0,1864236.5,14236.5,0.7695405405405406
270000.0,271005.5,1005.5,0.3724074074074074
1000000.0,1011370.75,11370.75,1.137075
700000.0,722167.2,22167.1875,3.1667410714285715
950000.0,962856.44,12856.4375,1.3533092105263158
2550000.0,2583713.2,33713.25,1.3220882352941177
1880000.0,1838690.0,-41310.0,-2.197340425531915
840000.0,845942.44,5942.4375,0.7074330357142857
1500000.0,1492178.6,-7821.375,-0.521425
1012500.0,982769.4,-29730.625,-2.936358024691358
1500000.0,1505472.4,5472.375,0.364825
940000.0,947547.5,7547.5,0.8029255319148936
2760000.0,2694378.2,-65621.75,-2.3775996376811595
7000.0,-12755.98,-19755.98046875,-282.2282924107143
1700000.0,1651389.2,-48610.75,-2.859455882352941
2850000.0,2829325.2,-20674.75,-0.7254298245614035
1350000.0,1421010.5,71010.5,5.260037037037037
44000.0,48292.652,4292.65234375,9.756028053977273
1300000.0,1306862.1,6862.125,0.5278557692307693
1090000.0,1065639.0,-24361.0,-2.2349541284403673
1190000.0,1189881.9,-118.125,-0.009926470588235294
1050000.0,1067439.5,17439.5,1.660904761904762
760000.0,756075.06,-3924.9375,-0.516439144736842
1000000.0,1136057.5,136057.5,13.60575
1200000.0,1209912.5,9912.5,0.8260416666666666
2900000.0,2923032.5,23032.5,0.7942241379310344
850000.0,845956.5,-4043.5,-0.4757058823529412
1350000.0,1350617.8,617.75,0.04575925925925926
2040000.0,2078368.9,38368.875,1.880827205882353
2200000.0,2213333.5,13333.5,0.6060681818181818
500000.0,515159.2,15159.1875,3.0318375
1500000.0,1469951.8,-30048.25,-2.003216666666667
1450000.0,1515703.2,65703.25,4.5312586206896555
1100000.0,1090091.6,-9908.375,-0.9007613636363636
1600000.0,1597654.6,-2345.375,-0.14658593749999999
320000.0,330860.1,10860.09375,3.393779296875
1370000.0,1348863.5,-21136.5,-1.542810218978102
12700.0,17995.342,5295.341796875,41.69560469980315
470000.0,457835.62,-12164.375,-2.5881648936170216
2000000.0,1982734.1,-17265.875,-0.86329375
630000.0,601583.7,-28416.3125,-4.510525793650793
2400000.0,2399562.0,-438.0,-0.01825
1850000.0,1802874.8,-47125.25,-2.547310810810811
1300000.0,1307131.9,7131.875,0.5486057692307692
630000.0,640005.0,10005.0,1.588095238095238
1380000.0,1409266.9,29266.875,2.1207880434782607
1765400.0,1734140.8,-31259.25,-1.770661039990937
880000.0,893869.56,13869.5625,1.5760866477272726
1950000.0,1918281.4,-31718.625,-1.6265961538461537
1250000.0,1267275.1,17275.125,1.38201
250000.0,257752.11,7752.109375,3.10084375
1600000.0,1607266.0,7266.0,0.454125
1120000.0,1118901.4,-1098.625,-0.09809151785714286
1300000.0,1307065.2,7065.25,0.5434807692307692
900000.0,921665.0,21665.0,2.407222222222222
830000.0,849807.4,19807.375,2.386430722891566
1150000.0,1173916.0,23916.0,2.0796521739130434
570000.0,556736.94,-13263.0625,-2.3268530701754386
1650000.0,1650343.9,343.875,0.02084090909090909
1224950.0,1214744.1,-10205.875,-0.833166659863668
2700000.0,2616899.0,-83101.0,-3.077814814814815
850000.0,854763.3,4763.3125,0.5603897058823529
460000.0,436615.9,-23384.09375,-5.083498641304348
2850000.0,2861470.0,11470.0,0.4024561403508772
1460000.0,1452326.8,-7673.25,-0.5255650684931507
1780000.0,1753604.1,-26395.875,-1.4829143258426967
2627000.0,2627072.8,72.75,0.002769318614389037
1400000.0,1407552.2,7552.25,0.5394464285714285
980000.0,992899.94,12899.9375,1.3163201530612245
864500.0,876410.94,11910.9375,1.3777834008097167
850000.0,836601.44,-13398.5625,-1.5763014705882352
2000000.0,2005091.0,5091.0,0.25455
1250000.0,1267073.6,17073.625,1.36589
700000.0,704311.56,4311.5625,0.6159375
520000.0,513749.3,-6250.6875,-1.2020552884615385
860000.0,848423.9,-11576.125,-1.3460610465116278
1630000.0,1632023.1,2023.125,0.12411809815950921
836000.0,853306.7,17306.6875,2.0701779306220094
1720000.0,1749265.5,29265.5,1.701482558139535
1101600.0,1104939.2,3339.25,0.30312726942628904
730000.0,742651.1,12651.125,1.733030821917808
950000.0,963957.2,13957.1875,1.4691776315789473
595000.0,615916.5,20916.5,3.5153781512605042
800000.0,808150.56,8150.5625,1.0188203125
862500.0,848597.0,-13903.0,-1.6119420289855073
1050000.0,1025356.06,-24643.9375,-2.3470416666666667
2000000.0,2008989.0,8989.0,0.44945
1300000.0,1284802.9,-15197.125,-1.1690096153846152
690003.0,697754.75,7751.75,1.1234371444761835
1010000.0,996670.2,-13329.8125,-1.3197834158415842
2500000.0,2451293.0,-48707.0,-1.9482800000000002
380000.0,389385.62,9385.625,2.469901315789474
2142000.0,2129890.8,-12109.25,-0.5653244631185808
600000.0,660901.25,60901.25,10.150208333333333
1364000.0,1365208.6,1208.625,0.08860887096774193
880000.0,862998.1,-17001.875,-1.9320312499999999
1000000.0,1022838.4,22838.375,2.2838375
1350000.0,1347683.4,-2316.625,-0.17160185185185184
1600000.0,1619126.0,19126.0,1.195375
2700000.0,2643226.8,-56773.25,-2.1027129629629626
1450000.0,1461170.5,11170.5,0.7703793103448275
1200000.0,1200600.4,600.375,0.05003125
310000.0,299044.22,-10955.78125,-3.534122983870968
640000.0,631199.5,-8800.5,-1.375078125
2200000.0,2195430.0,-4570.0,-0.2077272727272727
300000.0,333168.75,33168.75,11.056249999999999
1300000.0,1272908.1,-27091.875,-2.0839903846153844
145000.0,155134.39,10134.390625,6.989234913793103
780000.0,766149.4,-13850.625,-1.7757211538461537
1260000.0,1285717.2,25717.25,2.0410515873015873
858500.0,863329.5,4829.5,0.5625509609784507
950000.0,948722.2,-1277.8125,-0.13450657894736842
488250.0,516131.44,27881.4375,5.710483870967742
1700000.0,1712576.0,12576.0,0.739764705882353
860000.0,865179.75,5179.75,0.602296511627907
350000.0,354214.62,4214.625,1.2041785714285715
1700000.0,1706129.1,6129.125,0.36053676470588236
650000.0,669050.8,19050.8125,2.9308942307692307
450000.0,469329.88,19329.875,4.295527777777778
630000.0,628737.56,-1262.4375,-0.20038690476190477
2700000.0,2681748.0,-18252.0,-0.676
1300000.0,1317592.4,17592.375,1.3532596153846155
1080000.0,1097856.6,17856.625,1.6533912037037037
125000.0,140257.0,15257.0,12.2056
1700000.0,1692603.6,-7396.375,-0.4350808823529412
880000.0,886786.06,6786.0625,0.7711434659090909
1950000.0,1767377.0,-182623.0,-9.365282051282051
2130000.0,2198327.0,68327.0,3.2078403755868545
1450000.0,1431397.4,-18602.625,-1.282939655172414
1100000.0,1104472.4,4472.375,0.4065795454545455
490000.0,505099.38,15099.375,3.0815051020408166
1200000.0,1209912.5,9912.5,0.8260416666666666
320000.0,362947.53,42947.53125,13.421103515625
1930000.0,1917501.6,-12498.375,-0.6475841968911917
1300000.0,1313530.4,13530.375,1.040798076923077
1750000.0,1724055.5,-25944.5,-1.4825428571428572
16500.0,24868.562,8368.5625,50.718560606060606
665000.0,675011.7,10011.6875,1.505516917293233
590000.0,640931.75,50931.75,8.6325
790000.0,800162.06,10162.0625,1.2863370253164557
1250000.0,1259134.6,9134.625,0.73077
2100000.0,2082014.9,-17985.125,-0.8564345238095239
2000000.0,1986809.6,-13190.375,-0.65951875
770000.0,780228.06,10228.0625,1.328319805194805
1473000.0,1472379.6,-620.375,-0.04211642905634759
195000.0,203391.39,8391.390625,4.3032772435897435
1300000.0,1325532.0,25532.0,1.9640000000000002
2850000.0,2780717.5,-69282.5,-2.4309649122807016
2500000.0,2501100.0,1100.0,0.044000000000000004
310000.0,309719.2,-280.8125,-0.09058467741935484
600000.0,599111.75,-888.25,-0.14804166666666668
1350000.0,1342444.9,-7555.125,-0.5596388888888889
475000.0,465577.62,-9422.375,-1.983657894736842
2700000.0,2664629.5,-35370.5,-1.3100185185185185
1780000.0,1802056.9,22056.875,1.2391502808988764
2044000.0,2064050.9,20050.875,0.9809625733855185
3100000.0,2882617.8,-217382.25,-7.012330645161291
1200000.0,1183036.5,-16963.5,-1.413625
950000.0,956324.75,6324.75,0.6657631578947368
1900000.0,1895963.1,-4036.875,-0.2124671052631579
1100000.0,1149059.5,49059.5,4.459954545454545
710000.0,702727.06,-7272.9375,-1.0243573943661972
1520000.0,1493606.5,-26393.5,-1.7364144736842106
990000.0,958346.3,-31653.6875,-3.197342171717172
2000000.0,1966298.1,-33701.875,-1.68509375
1200000.0,1188708.2,-11291.75,-0.9409791666666667
1350000.0,1321362.9,-28637.125,-2.1212685185185185
1320000.0,1308356.5,-11643.5,-0.8820833333333333
2950000.0,2955279.2,5279.25,0.17895762711864407
85700.0,94765.09,9065.09375,10.577705659276546
610000.0,597277.56,-12722.4375,-2.0856454918032785
2200000.0,2220847.5,20847.5,0.9476136363636364
1690000.0,1706054.5,16054.5,0.9499704142011834
1740000.0,1733866.5,-6133.5,-0.3525
2200000.0,2227830.5,27830.5,1.2650227272727272
980000.0,974432.2,-5567.8125,-0.5681441326530612
1800000.0,1722131.5,-77868.5,-4.326027777777778
2204000.0,2178528.8,-25471.25,-1.1556828493647913
790000.0,779279.56,-10720.4375,-1.3570174050632913
2500000.0,2498776.5,-1223.5,-0.04894
2350000.0,2345241.8,-4758.25,-0.20247872340425532
2067000.0,2101838.2,34838.25,1.6854499274310593
2800000.0,2770960.0,-29040.0,-1.0371428571428571
1500000.0,1477142.5,-22857.5,-1.5238333333333334
1750000.0,1724902.9,-25097.125,-1.4341214285714285
750000.0,735218.0,-14782.0,-1.9709333333333332
2150000.0,2163530.8,13530.75,0.6293372093023256
2200000.0,2232478.8,32478.75,1.4763068181818182
530000.0,525456.6,-4543.375,-0.8572405660377359
400000.0,391864.72,-8135.28125,-2.0338203125
1400000.0,1409433.0,9433.0,0.6737857142857142
2800000.0,2845257.0,45257.0,1.6163214285714285
2120000.0,2120404.8,404.75,0.019091981132075473
1990000.0,1943417.9,-46582.125,-2.340810301507538
45000.0,54340.793,9340.79296875,20.757317708333332
1750000.0,1729799.8,-20200.25,-1.1542999999999999
640000.0,647555.0,7555.0,1.18046875
500000.0,509247.88,9247.875,1.8495749999999997
690000.0,681105.06,-8894.9375,-1.2891213768115943
1100000.0,1135044.2,35044.25,3.185840909090909
3078000.0,3063661.8,-14338.25,-0.46583008447043533
790000.0,796216.3,6216.3125,0.7868750000000001
730000.0,720292.4,-9707.625,-1.3298116438356165
1350000.0,1317040.2,-32959.75,-2.441462962962963
11000.0,12229.483,1229.4833984375,11.177121803977274
1100000.0,1083884.4,-16115.625,-1.4650568181818182
2050000.0,2048355.1,-1644.875,-0.08023780487804877
135000.0,161377.62,26377.625,19.538981481481482
1200000.0,1217879.8,17879.75,1.4899791666666666
220000.0,218299.11,-1700.890625,-0.7731321022727272
1150000.0,1142707.5,-7292.5,-0.6341304347826088
940000.0,925758.06,-14241.9375,-1.5150997340425532
980000.0,969479.25,-10520.75,-1.073545918367347
2150000.0,2180853.5,30853.5,1.435046511627907
2200000.0,2198214.5,-1785.5,-0.0811590909090909
2400000.0,2411703.0,11703.0,0.48762500000000003
1150000.0,1147531.1,-2468.875,-0.21468478260869567
2600000.0,2599374.0,-626.0,-0.024076923076923076
1650000.0,1624543.5,-25456.5,-1.5428181818181819
1800000.0,1787703.0,-12297.0,-0.6831666666666667
850000.0,853316.06,3316.0625,0.390125
1650000.0,1657115.5,7115.5,0.43124242424242426
850000.0,857932.5,7932.5,0.933235294117647
3050000.0,2969443.2,-80556.75,-2.641204918032787
1600000.0,1603664.1,3664.125,0.2290078125
2050000.0,2023363.0,-26637.0,-1.2993658536585366
2006000.0,2001729.1,-4270.875,-0.21290503489531407
650000.0,644911.6,-5088.375,-0.782826923076923
1380000.0,1417606.4,37606.375,2.7250996376811596
1450000.0,1444481.1,-5518.875,-0.38061206896551725
1390000.0,1391263.0,1263.0,0.09086330935251799
600000.0,599686.9,-313.125,-0.0521875
1300000.0,1312252.5,12252.5,0.9424999999999999
3000000.0,2941403.0,-58597.0,-1.9532333333333332
775000.0,792700.1,17700.125,2.2838870967741935
650000.0,635033.3,-14966.6875,-2.3025673076923074
2500000.0,2498703.8,-1296.25,-0.05185
900000.0,897701.6,-2298.375,-0.255375
700000.0,701979.8,1979.8125,0.28283035714285715
1050000.0,1064386.0,14386.0,1.370095238095238
2500000.0,2559926.8,59926.75,2.3970700000000003
1200000.0,1179554.4,-20445.625,-1.7038020833333334
1360000.0,1368549.5,8549.5,0.628639705882353
2300000.0,2268722.8,-31277.25,-1.3598804347826086
180000.0,210641.84,30641.84375,17.023246527777776
600000.0,591274.9,-8725.125,-1.4541875
1050000.0,1035816.94,-14183.0625,-1.3507678571428572
450000.0,588042.94,138042.9375,30.67620833333333
13500.0,14749.722,1249.7216796875,9.257197627314815
2205000.0,2179138.2,-25861.75,-1.1728684807256236
600000.0,609917.44,9917.4375,1.65290625
1600000.0,1595985.4,-4014.625,-0.25091406250000003
860000.0,872610.8,12610.8125,1.4663735465116279
1350000.0,1343904.8,-6095.25,-0.4515
2400000.0,2339006.8,-60993.25,-2.5413854166666665
395000.0,393790.94,-1209.0625,-0.3060917721518987
1200000.0,1204772.4,4772.375,0.3976979166666667
1000500.0,995093.5,-5406.5,-0.5403798100949525
460000.0,460077.6,77.59375,0.01686820652173913
2400000.0,2334979.5,-65020.5,-2.7091875
850000.0,867856.6,17856.625,2.100779411764706
490000.0,501459.44,11459.4375,2.338660714285714
1390000.0,1388898.9,-1101.125,-0.07921762589928057
960000.0,964912.2,4912.1875,0.5116861979166667
485000.0,485665.44,665.4375,0.13720360824742267
1680000.0,1687821.9,7821.875,0.46558779761904756
1640000.0,1633806.6,-6193.375,-0.3776448170731707
1000000.0,1016117.94,16117.9375,1.61179375
1000000.0,1001445.5,1445.5,0.14454999999999998
2900000.0,2922233.8,22233.75,0.7666810344827586
895000.0,903811.8,8811.8125,0.9845600558659218
1300000.0,1313156.1,13156.125,1.0120096153846152
1850000.0,1841442.5,-8557.5,-0.4625675675675676
2000000.0,2016314.8,16314.75,0.8157375
1300000.0,1295720.8,-4279.25,-0.3291730769230769
1750000.0,1772623.2,22623.25,1.292757142857143
2200000.0,2168538.8,-31461.25,-1.430056818181818
2200000.0,2200365.8,365.75,0.016625
800000.0,786491.7,-13508.3125,-1.6885390625
980000.0,979534.7,-465.3125,-0.04748086734693877
149000.0,185056.47,36056.46875,24.198972315436244
1770000.0,1766112.4,-3887.625,-0.21963983050847458
850000.0,867965.44,17965.4375,2.113580882352941
2850000.0,2862039.0,12039.0,0.422421052631579
1700000.0,1673847.2,-26152.75,-1.5383970588235294
2000000.0,2028975.5,28975.5,1.4487750000000001
720000.0,721470.56,1470.5625,0.20424479166666668
800000.0,798006.2,-1993.8125,-0.24922656250000003
385000.0,386208.7,1208.6875,0.31394480519480517
1550000.0,1553379.8,3379.75,0.21804838709677418
1260000.0,1319589.0,59589.0,4.729285714285714
2300000.0,2326121.2,26121.25,1.1357065217391304
320000.0,312942.2,-7057.8125,-2.20556640625
2100000.0,2134376.0,34376.0,1.636952380952381
2850000.0,2907165.0,57165.0,2.0057894736842106
19000.0,43452.87,24452.87109375,128.69932154605263
1900000.0,1909060.8,9060.75,0.47688157894736843
1800000.0,1818674.0,18674.0,1.0374444444444444
1500000.0,1504817.1,4817.125,0.32114166666666666
7000.0,15026.1455,8026.1455078125,114.65922154017858
985000.0,978195.1,-6804.875,-0.6908502538071066
1660000.0,1651188.4,-8811.625,-0.5308207831325301
890000.0,893579.5,3579.5,0.4021910112359551
600000.0,601104.3,1104.3125,0.18405208333333334
1000000.0,994584.06,-5415.9375,-0.54159375
1500000.0,1495611.1,-4388.875,-0.29259166666666664
750000.0,769360.0,19360.0,2.5813333333333333
1490000.0,1481826.9,-8173.125,-0.5485318791946309
1012000.0,1030771.56,18771.5625,1.854897480237154
22000.0,19532.09,-2467.91015625,-11.2177734375
2600000.0,2618986.5,18986.5,0.73025
450000.0,449043.94,-956.0625,-0.21245833333333333
1350000.0,1370533.8,20533.75,1.5210185185185185
1000000.0,995334.0,-4666.0,-0.4666
860000.0,871853.06,11853.0625,1.378263081395349
960000.0,990453.44,30453.4375,3.1722330729166663
960000.0,943156.44,-16843.5625,-1.7545377604166665
780000.0,762433.3,-17566.6875,-2.252139423076923
540000.0,536953.94,-3046.0625,-0.5640856481481481
599000.0,614329.9,15329.875,2.559244574290484
1600000.0,1585315.2,-14684.75,-0.917796875
1400000.0,1413459.0,13459.0,0.9613571428571428
590000.0,592605.5,2605.5,0.44161016949152543
770000.0,757534.4,-12465.625,-1.6189123376623378
2400000.0,2405231.5,5231.5,0.21797916666666667
550000.0,545217.6,-4782.375,-0.8695227272727273
2400000.0,2404252.0,4252.0,0.17716666666666667
440000.0,438840.5,-1159.5,-0.26352272727272724
1380000.0,1394926.6,14926.625,1.0816394927536233
2500000.0,2359325.2,-140674.75,-5.62699
1274000.0,1265997.2,-8002.75,-0.6281593406593406
1200000.0,1277736.4,77736.375,6.478031250000001
800000.0,808032.2,8032.1875,1.0040234375000001
2300000.0,2307809.5,7809.5,0.3395434782608696
2150000.0,2152957.5,2957.5,0.13755813953488372
700000.0,696796.75,-3203.25,-0.4576071428571428
497000.0,491328.9,-5671.09375,-1.1410651408450705
370000.0,364201.62,-5798.375,-1.5671283783783783
690000.0,689570.1,-429.875,-0.06230072463768116
1750000.0,1772947.0,22947.0,1.311257142857143
820000.0,846875.44,26875.4375,3.2774923780487804
85000.0,91431.9,6431.8984375,7.5669393382352945
1450000.0,1430383.5,-19616.5,-1.3528620689655173
1950000.0,1983325.1,33325.125,1.7089807692307692
1700000.0,1709180.0,9180.0,0.54
850000.0,862259.75,12259.75,1.4423235294117647
560000.0,575782.5,15782.5,2.8183035714285714
950000.0,959255.56,9255.5625,0.9742697368421052
750000.0,746761.75,-3238.25,-0.4317666666666667
2450000.0,2391020.0,-58980.0,-2.40734693877551
1000000.0,983972.56,-16027.4375,-1.60274375
1700000.0,1670336.0,-29664.0,-1.7449411764705884
540000.0,531530.4,-8469.625,-1.5684490740740742
2100000.0,2067960.0,-32040.0,-1.5257142857142858
560000.0,543410.25,-16589.75,-2.9624553571428573
120000.0,146121.73,26121.734375,21.768111979166665
680000.0,685689.44,5689.4375,0.8366819852941177
1320000.0,1294235.9,-25764.125,-1.9518276515151516
950000.0,972259.75,22259.75,2.3431315789473683
950000.0,954685.7,4685.6875,0.49323026315789475
785000.0,796083.44,11083.4375,1.4119028662420383
420000.0,427348.0,7348.0,1.7495238095238095
330000.0,332082.25,2082.25,0.6309848484848485
1900000.0,1883961.5,-16038.5,-0.8441315789473683
1500000.0,1502827.1,2827.125,0.188475
1400000.0,1301220.5,-98779.5,-7.0556785714285715
1350000.0,1340766.8,-9233.25,-0.6839444444444445
1633500.0,1651441.1,17941.125,1.098324150596878
1040000.0,1040371.8,371.8125,0.035751201923076924
1050000.0,1056863.9,6863.875,0.653702380952381
1550000.0,1558779.1,8779.125,0.5663951612903226
1900000.0,1890865.4,-9134.625,-0.4807697368421053
9000.0,12850.479,3850.478515625,42.78309461805556
1700000.0,1710077.8,10077.75,0.5928088235294118
400000.0,400636.56,636.5625,0.15914062499999998
750000.0,754613.7,4613.6875,0.6151583333333334
1155000.0,1130960.6,-24039.375,-2.081331168831169
650000.0,656804.25,6804.25,1.0468076923076923
720000.0,722133.44,2133.4375,0.2963107638888889
760000.0,772178.25,12178.25,1.6024013157894736
245000.0,234551.17,-10448.828125,-4.264827806122449
1500000.0,1512241.9,12241.875,0.816125
1200000.0,1207786.6,7786.625,0.6488854166666667
2100000.0,2152040.8,52040.75,2.4781309523809525
2200000.0,2182338.8,-17661.25,-0.802784090909091
1650000.0,1636393.1,-13606.875,-0.8246590909090908
1800000.0,1776068.9,-23931.125,-1.3295069444444445
690000.0,712100.6,22100.625,3.202989130434783
700000.0,684345.3,-15654.6875,-2.2363839285714286
330000.0,339455.5,9455.5,2.8653030303030302
550000.0,554316.4,4316.375,0.7847954545454545
890000.0,908936.06,18936.0625,2.1276474719101124
1250000.0,1264260.0,14260.0,1.1408
1750000.0,1795731.2,45731.25,2.6132142857142857
500000.0,486181.12,-13818.875,-2.763775
1540000.0,1526375.9,-13624.125,-0.8846834415584416
2000000.0,2041310.8,41310.75,2.0655375
1200000.0,1206282.6,6282.625,0.5235520833333334
390000.0,392529.25,2529.25,0.648525641025641
2595000.0,2580449.8,-14550.25,-0.5607032755298651
1700000.0,1625740.1,-74259.875,-4.36822794117647
700000.0,708066.44,8066.4375,1.1523482142857142
1140000.0,1136631.0,-3369.0,-0.2955263157894737
2300000.0,2314495.0,14495.0,0.6302173913043478
1450000.0,1443242.1,-6757.875,-0.4660603448275862
1800000.0,1820518.8,20518.75,1.1399305555555554
730000.0,739010.9,9010.875,1.2343664383561643
2070000.0,2085209.6,15209.625,0.7347644927536232
760000.0,761602.44,1602.4375,0.21084703947368422
880000.0,878654.44,-1345.5625,-0.15290482954545453
800000.0,803027.6,3027.625,0.378453125
1800000.0,1813926.6,13926.625,0.7737013888888888
2100000.0,2111604.5,11604.5,0.552595238095238
1800000.0,1828062.4,28062.375,1.5590208333333333
1250000.0,1282808.2,32808.25,2.62466
575000.0,574321.1,-678.875,-0.11806521739130434
600000.0,610140.6,10140.625,1.6901041666666667
340000.0,339161.06,-838.9375,-0.24674632352941175
780000.0,784366.94,4366.9375,0.5598637820512821
1700000.0,1665492.9,-34507.125,-2.0298308823529414
705000.0,704373.06,-626.9375,-0.08892730496453902
590000.0,595767.8,5767.8125,0.9775953389830508
800000.0,802683.9,2683.875,0.335484375
1200000.0,1185690.5,-14309.5,-1.1924583333333334
1500000.0,1499135.0,-865.0,-0.057666666666666665
1770000.0,1744986.8,-25013.25,-1.4131779661016948
900000.0,907347.75,7347.75,0.8164166666666667
940000.0,935405.75,-4594.25,-0.48875
2300000.0,2270906.2,-29093.75,-1.264945652173913
980000.0,985204.2,5204.1875,0.5310395408163265
1200000.0,1185529.5,-14470.5,-1.205875
1500000.0,1512858.9,12858.875,0.8572583333333333
1810000.0,1813429.2,3429.25,0.18946132596685084
390000.0,441966.4,51966.40625,13.324719551282053
1320000.0,1330966.8,10966.75,0.8308143939393939
1800000.0,1774894.5,-25105.5,-1.39475
1200000.0,1207265.6,7265.625,0.60546875
760000.0,755436.94,-4563.0625,-0.6004029605263158
1025000.0,1030791.0,5791.0,0.5649756097560975
2500000.0,2531669.5,31669.5,1.26678
1500000.0,1499204.1,-795.875,-0.05305833333333333
2100000.0,2108131.8,8131.75,0.3872261904761905
1550000.0,1565577.0,15577.0,1.0049677419354839
550000.0,538287.6,-11712.375,-2.129522727272727
650000.0,640352.25,-9647.75,-1.484269230769231
1850000.0,1866873.8,16873.75,0.9120945945945946
300000.0,290183.84,-9816.15625,-3.2720520833333335
520000.0,512782.97,-7217.03125,-1.387890625
2700000.0,2692201.5,-7798.5,-0.28883333333333333
1550000.0,1527009.5,-22990.5,-1.483258064516129
610000.0,595924.6,-14075.375,-2.307438524590164
750000.0,753113.7,3113.6875,0.41515833333333335
9000.0,11251.764,2251.763671875,25.01959635416667
819000.0,833203.4,14203.375,1.7342338217338216
1600000.0,1609049.6,9049.625,0.5656015625
580000.0,590903.25,10903.25,1.8798706896551725
578000.0,580077.8,2077.8125,0.35948313148788924
2250000.0,2299156.5,49156.5,2.1847333333333334
530000.0,553323.0,23323.0,4.4005660377358495
1548000.0,1514741.2,-33258.75,-2.148498062015504
1600000.0,1621951.4,21951.375,1.3719609375000001
11500.0,14637.686,3137.685546875,27.28422214673913
2100000.0,2089232.0,-10768.0,-0.5127619047619048
800000.0,825989.3,25989.3125,3.2486640625
720000.0,722084.3,2084.3125,0.2894878472222222
430000.0,411441.66,-18558.34375,-4.315893895348837
1890000.0,1899773.9,9773.875,0.5171362433862433
950000.0,994783.9,44783.875,4.714092105263158
7000.0,8722.393,1722.392578125,24.605608258928573
800000.0,769347.56,-30652.4375,-3.8315546875
760000.0,776798.2,16798.1875,2.210287828947368
650000.0,635765.44,-14234.5625,-2.1899326923076923
320000.0,310954.8,-9045.1875,-2.82662109375
1521000.0,1519998.9,-1001.125,-0.06582018408941485
700000.0,691191.0,-8809.0,-1.2584285714285715
1500000.0,1491721.0,-8279.0,-0.5519333333333334
170000.0,189232.62,19232.625,11.313308823529413
1250000.0,1277276.2,27276.25,2.1821
750000.0,777989.4,27989.375,3.7319166666666668
1650000.0,1601586.1,-48413.875,-2.934174242424242
2976000.0,2923673.8,-52326.25,-1.7582745295698925
365000.0,365804.56,804.5625,0.22042808219178084
1950000.0,1908271.6,-41728.375,-2.1399166666666667
1450000.0,1407861.4,-42138.625,-2.906112068965517
1700000.0,1700585.5,585.5,0.03444117647058824
2500000.0,2417799.5,-82200.5,-3.28802
570000.0,584357.75,14357.75,2.51890350877193
1590000.0,1554065.6,-35934.375,-2.2600235849056602
1800000.0,1805941.4,5941.375,0.3300763888888889
850000.0,865078.0,15078.0,1.7738823529411765
2400000.0,2453595.2,53595.25,2.233135416666667
1475000.0,1506811.4,31811.375,2.1567033898305086
2600000.0,2551760.0,-48240.0,-1.8553846153846154
1900000.0,1875783.0,-24217.0,-1.274578947368421
950000.0,955208.6,5208.625,0.5482763157894737
1360000.0,1332416.2,-27583.75,-2.028216911764706
930000.0,938920.44,8920.4375,0.9591868279569893
560000.0,572472.94,12472.9375,2.227310267857143
2304000.0,2325557.2,21557.25,0.9356445312499999
590000.0,670266.4,80266.375,13.604470338983052
14000.0,12492.116,-1507.8837890625,-10.77059849330357
1900000.0,1883184.8,-16815.25,-0.8850131578947368
500000.0,501190.38,1190.375,0.238075
1500000.0,1492070.2,-7929.75,-0.5286500000000001
850000.0,864821.9,14821.875,1.7437500000000001
900000.0,897181.9,-2818.125,-0.313125
36000.0,58345.45,22345.44921875,62.07069227430555
1600000.0,1614211.9,14211.875,0.8882421875
254000.0,262613.4,8613.40625,3.391104822834646
1890000.0,1916624.6,26624.625,1.4087103174603175
525000.0,516394.0,-8606.0,-1.6392380952380954
2100000.0,2075388.9,-24611.125,-1.1719583333333334
530000.0,518405.1,-11594.90625,-2.187718160377359
1360000.0,1358772.9,-1227.125,-0.09022977941176472
1900600.0,1916613.4,16013.375,0.8425431442702305
650000.0,704348.75,54348.75,8.361346153846155
750000.0,763388.25,13388.25,1.7851
400000.0,406563.34,6563.34375,1.6408359375000001
760000.0,742223.9,-17776.125,-2.3389638157894734
1000500.0,1055986.2,55486.25,5.545852073963019
790000.0,791404.5,1404.5,0.1777848101265823
2100000.0,2113663.5,13663.5,0.6506428571428572
440000.0,427480.3,-12519.6875,-2.845383522727273
1850000.0,1865505.8,15505.75,0.8381486486486487
1300000.0,1322334.0,22334.0,1.718
750000.0,750492.0,492.0,0.0656
1350000.0,1350156.9,156.875,0.011620370370370371
18500.0,16750.914,-1749.0859375,-9.45451858108108
1450000.0,1458965.1,8965.125,0.6182844827586207
340000.0,347876.94,7876.9375,2.3167463235294115
2500000.0,2504933.2,4933.25,0.19732999999999998
1950000.0,1915942.9,-34057.125,-1.7465192307692305
1150000.0,1110584.1,-39415.875,-3.427467391304348
810000.0,786550.1,-23449.875,-2.895046296296296
2500000.0,2523122.2,23122.25,0.9248899999999999
250000.0,248559.77,-1440.234375,-0.5760937500000001
1050000.0,1041692.56,-8307.4375,-0.7911845238095239
780000.0,805445.44,25445.4375,3.262235576923077
1360000.0,1358625.6,-1374.375,-0.10105698529411765
620000.0,628236.44,8236.4375,1.3284576612903225
310000.0,327380.03,17380.03125,5.606461693548387
1000000.0,998420.1,-1579.875,-0.1579875
900000.0,881834.2,-18165.8125,-2.018423611111111
298480.0,327073.34,28593.34375,9.579651484186545
650000.0,687882.94,37882.9375,5.82814423076923
3000000.0,2915331.5,-84668.5,-2.822283333333333
450000.0,443781.22,-6218.78125,-1.3819513888888888
1190000.0,1180055.9,-9944.125,-0.835640756302521
400000.0,415706.56,15706.5625,3.9266406249999997
570000.0,561045.5,-8954.5,-1.5709649122807017
1850000.0,1868737.1,18737.125,1.0128175675675675
1600000.0,1605077.4,5077.375,0.3173359375
2880000.0,2896051.0,16051.0,0.5573263888888889
700000.0,681821.25,-18178.75,-2.596964285714286
360000.0,366236.8,6236.8125,1.7324479166666666
980000.0,988809.7,8809.6875,0.8989477040816327
750000.0,769210.44,19210.4375,2.5613916666666667
1200000.0,1191560.2,-8439.75,-0.7033125
195000.0,195478.28,478.28125,0.2452724358974359
400000.0,399250.9,-749.09375,-0.1872734375
1390000.0,1381878.6,-8121.375,-0.584271582733813
450000.0,436585.66,-13414.34375,-2.980965277777778
550000.0,569196.3,19196.3125,3.4902386363636366
700000.0,705226.1,5226.125,0.7465892857142857
600000.0,601149.06,1149.0625,0.19151041666666668
1300000.0,1302175.2,2175.25,0.16732692307692307
370000.0,365409.66,-4590.34375,-1.240633445945946
2950000.0,2899540.2,-50459.75,-1.7105
340000.0,346107.94,6107.9375,1.7964522058823529
1170000.0,1181134.9,11134.875,0.951698717948718
2580000.0,2474634.2,-105365.75,-4.083943798449612
1200000.0,1172232.9,-27767.125,-2.313927083333333
2300000.0,2281839.8,-18160.25,-0.7895760869565217
650000.0,649635.2,-364.8125,-0.056125
760000.0,772527.75,12527.75,1.6483881578947368
935000.0,933520.56,-1479.4375,-0.15822860962566845
2450000.0,2468683.2,18683.25,0.7625816326530612
464000.0,439786.47,-24213.53125,-5.218433459051724
1950000.0,1961307.5,11307.5,0.5798717948717949
690000.0,681689.3,-8310.6875,-1.204447463768116
2500000.0,2524932.2,24932.25,0.99729
900000.0,893749.25,-6250.75,-0.6945277777777777
1300000.0,1301681.4,1681.375,0.12933653846153845
1540000.0,1499609.9,-40390.125,-2.6227353896103898
1350000.0,1361219.2,11219.25,0.8310555555555555
1080000.0,1069573.4,-10426.625,-0.9654282407407406
410000.0,401329.62,-8670.375,-2.1147256097560976
1390000.0,1435023.1,45023.125,3.2390737410071946
2350000.0,2402397.0,52397.0,2.229659574468085
2000000.0,1943740.4,-56259.625,-2.81298125
2250000.0,2140865.0,-109135.0,-4.850444444444444
450000.0,447529.44,-2470.5625,-0.5490138888888889
1500000.0,1493218.6,-6781.375,-0.4520916666666667
1100000.0,1092407.9,-7592.125,-0.6901931818181818
810000.0,902563.25,92563.25,11.427561728395062
925000.0,914307.8,-10692.1875,-1.1559121621621622
950000.0,944508.9,-5491.125,-0.5780131578947368
750000.0,749997.3,-2.6875,-0.00035833333333333333
1960000.0,1972445.2,12445.25,0.6349617346938775
2770000.0,2732204.0,-37796.0,-1.3644765342960288
2200000.0,2191956.2,-8043.75,-0.36562500000000003
790000.0,825607.2,35607.1875,4.5072389240506325
380000.0,386547.56,6547.5625,1.7230427631578948
360000.0,370877.94,10877.9375,3.0216493055555556
750000.0,731201.25,-18798.75,-2.5065
510000.0,504388.28,-5611.71875,-1.1003370098039216
1350000.0,1359222.4,9222.375,0.6831388888888889
890000.0,853287.0,-36713.0,-4.125056179775281
1620000.0,1613333.1,-6666.875,-0.41153549382716054
737000.0,761129.5,24129.5,3.2740162822252374
1850000.0,1851399.8,1399.75,0.07566216216216216
1250000.0,1217226.8,-32773.25,-2.6218600000000003
1800000.0,1757838.1,-42161.875,-2.342326388888889
500000.0,498069.25,-1930.75,-0.38615
1560000.0,1569966.0,9966.0,0.6388461538461538
1350000.0,1362082.6,12082.625,0.8950092592592593
620000.0,613638.44,-6361.5625,-1.0260584677419355
1750000.0,1743466.0,-6534.0,-0.3733714285714286
850000.0,882782.25,32782.25,3.856735294117647
1850000.0,1851346.6,1346.625,0.07279054054054053
795000.0,806122.9,11122.875,1.3991037735849057
1100000.0,1133780.4,33780.375,3.070943181818182
1750000.0,1731734.9,-18265.125,-1.0437214285714287
1120000.0,1135067.4,15067.375,1.3453013392857143
1053000.0,1052416.1,-583.875,-0.055448717948717946
340000.0,346094.5,6094.5,1.7925
2434000.0,2444159.5,10159.5,0.4173993426458505
965000.0,965930.44,930.4375,0.09641839378238341
890000.0,895638.3,5638.3125,0.6335182584269663
1220000.0,1243516.6,23516.625,1.9275922131147543
940000.0,944276.2,4276.1875,0.4549135638297872
420000.0,425095.03,5095.03125,1.2131026785714285
680000.0,690273.4,10273.375,1.5107904411764705
1120000.0,1118604.2,-1395.75,-0.12462053571428572
900000.0,887991.9,-12008.125,-1.334236111111111
480000.0,480201.0,201.0,0.041875
2230000.0,2217103.8,-12896.25,-0.5783071748878924
480000.0,478782.94,-1217.0625,-0.2535546875
680000.0,670683.3,-9316.6875,-1.3701011029411765
285000.0,302900.8,17900.8125,6.280986842105262
1250000.0,1239951.4,-10048.625,-0.80389
2793000.0,2827925.5,34925.5,1.25046544933763
300000.0,321078.78,21078.78125,7.026260416666667
1300000.0,1321535.8,21535.75,1.656596153846154
850000.0,844342.56,-5657.4375,-0.6655808823529411
2178000.0,2184657.8,6657.75,0.30568181818181817
2560000.0,2539630.8,-20369.25,-0.795673828125
2350000.0,2378680.0,28680.0,1.2204255319148936
1490000.0,1467753.2,-22246.75,-1.4930704697986579
2000000.0,1967373.4,-32626.625,-1.63133125
775000.0,799999.56,24999.5625,3.22575
1860000.0,1844367.8,-15632.25,-0.8404435483870968
1850000.0,1812245.0,-37755.0,-2.0408108108108105
1600000.0,1607139.8,7139.75,0.446234375
990000.0,1007567.8,17567.8125,1.774526515151515
1450000.0,1455871.6,5871.625,0.4049396551724138
1300000.0,1320387.8,20387.75,1.5682884615384616
520000.0,513770.3,-6229.6875,-1.1980168269230769
400000.0,390891.6,-9108.40625,-2.2771015625
900000.0,916625.56,16625.5625,1.8472847222222224
960000.0,972817.8,12817.8125,1.3351888020833333
650000.0,633744.1,-16255.875,-2.500903846153846
9000.0,49558.375,40558.375,450.6486111111111
1530000.0,1537577.0,7577.0,0.4952287581699346
1650000.0,1662232.4,12232.375,0.7413560606060606
1350000.0,1343904.8,-6095.25,-0.4515
1400000.0,2071122.2,671122.25,47.93730357142857
1800000.0,1798053.2,-1946.75,-0.10815277777777778
2750000.0,2766612.5,16612.5,0.6040909090909091
1300000.0,1364130.4,64130.375,4.933105769230769
1750000.0,1837933.6,87933.625,5.0247785714285715
200000.0,181204.53,-18795.46875,-9.397734374999999
360000.0,363626.62,3626.625,1.0073958333333335
276250.0,263332.62,-12917.375,-4.675972850678733
2100000.0,2103717.2,3717.25,0.17701190476190476
1690000.0,1688155.0,-1845.0,-0.10917159763313608
720000.0,741843.06,21843.0625,3.0337586805555556
1800000.0,1727657.9,-72342.125,-4.0190069444444445
2500000.0,2593890.0,93890.0,3.7556
860000.0,828465.7,-31534.3125,-3.666780523255814
1892000.0,1890929.2,-1070.75,-0.05659355179704016
350000.0,359838.4,9838.40625,2.8109732142857142
940000.0,937481.44,-2518.5625,-0.26793218085106385
660000.0,646980.56,-13019.4375,-1.9726420454545455
1200000.0,1270281.4,70281.375,5.85678125
2450000.0,2435191.5,-14808.5,-0.6044285714285714
1400000.0,1412742.4,12742.375,0.9101696428571427
1200000.0,1209123.5,9123.5,0.7602916666666667
620000.0,611443.4,-8556.625,-1.380100806451613
3000000.0,2771522.2,-228477.75,-7.615925
2200000.0,2166427.0,-33573.0,-1.5260454545454545
680000.0,702861.9,22861.875,3.3620404411764704
2400000.0,2368771.8,-31228.25,-1.3011770833333334
2466000.0,2523136.5,57136.5,2.316970802919708
1700000.0,1701649.4,1649.375,0.0970220588235294
1600000.0,1621702.2,21702.25,1.356390625
538194.0,548041.1,9847.125,1.8296608657844569
2250000.0,2223897.5,-26102.5,-1.160111111111111
1850000.0,1843412.6,-6587.375,-0.3560743243243243
1200000.0,1184496.6,-15503.375,-1.2919479166666665
330000.0,330985.38,985.375,0.29859848484848484
820000.0,804392.8,-15607.1875,-1.903315548780488
640000.0,636337.5,-3662.5,-0.572265625
850000.0,847755.06,-2244.9375,-0.2641102941176471
765000.0,780268.25,15268.25,1.9958496732026143
1064000.0,1071690.4,7690.375,0.7227796052631579
750000.0,743629.9,-6370.125,-0.8493499999999999
2200000.0,2214891.2,14891.25,0.676875
920000.0,914225.9,-5774.125,-0.6276222826086957
1350000.0,1388124.4,38124.375,2.824027777777778
600000.0,678672.3,78672.3125,13.112052083333333
900000.0,904528.75,4528.75,0.5031944444444445
912000.0,935607.1,23607.125,2.588500548245614
849900.0,844874.25,-5025.75,-0.5913342746205437
830000.0,828374.3,-1625.6875,-0.1958659638554217
10500.0,16735.621,6235.62109375,59.386867559523814
1550000.0,1580908.8,30908.75,1.9941129032258067
2400000.0,2434080.2,34080.25,1.4200104166666667
1600000.0,1602246.4,2246.375,0.1403984375
165000.0,162197.73,-2802.265625,-1.698342803030303
1290000.0,1289004.6,-995.375,-0.0771608527131783
1100000.0,1094001.4,-5998.625,-0.5453295454545455
1600000.0,1535928.0,-64072.0,-4.0045
1100000.0,1085483.8,-14516.25,-1.319659090909091
1246000.0,1215025.9,-30974.125,-2.485884831460674
1220000.0,1212659.4,-7340.625,-0.6016905737704918
2500000.0,2455479.0,-44521.0,-1.7808399999999998
1110000.0,1131891.8,21891.75,1.9722297297297298
400000.0,435410.5,35410.5,8.852625
1800000.0,1733203.0,-66797.0,-3.7109444444444444
850000.0,844241.7,-5758.3125,-0.6774485294117647
2280000.0,2292635.5,12635.5,0.5541885964912281
3000000.0,2931031.2,-68968.75,-2.298958333333333
1450000.0,1456600.6,6600.625,0.45521551724137926
850000.0,849028.75,-971.25,-0.11426470588235295
2300000.0,2309782.8,9782.75,0.4253369565217391
310000.0,327231.72,17231.71875,5.558618951612903
440000.0,426800.66,-13199.34375,-2.999850852272727
1000000.0,1012099.56,12099.5625,1.2099562499999998
910000.0,918099.94,8099.9375,0.8901030219780219
1886000.0,1860347.8,-25652.25,-1.3601405090137857
550000.0,552251.5,2251.5,0.4093636363636364
400000.0,415043.53,15043.53125,3.7608828125000002
1500000.0,1517768.4,17768.375,1.1845583333333334
1450000.0,1467134.5,17134.5,1.1816896551724136
1400000.0,1376474.2,-23525.75,-1.680410714285714
2400000.0,2393257.0,-6743.0,-0.2809583333333333
2800000.0,2802184.5,2184.5,0.07801785714285714
1400000.0,1381678.6,-18321.375,-1.308669642857143
2990000.0,2993878.8,3878.75,0.12972408026755852
2195000.0,2208669.2,13669.25,0.622744874715262
1584000.0,1572005.9,-11994.125,-0.7572048611111111
1950000.0,1933108.1,-16891.875,-0.86625
850000.0,895310.8,45310.8125,5.330683823529412
1150000.0,1143154.0,-6846.0,-0.5953043478260869
480000.0,473644.9,-6355.09375,-1.3239778645833333
1300000.0,1306582.8,6582.75,0.5063653846153846
700000.0,708735.3,8735.3125,1.2479017857142858
12000.0,15902.088,3902.087890625,32.517399088541666
1750000.0,1722510.6,-27489.375,-1.5708214285714288
1500000.0,1504015.0,4015.0,0.26766666666666666
2900000.0,2870163.5,-29836.5,-1.028844827586207
2200000.0,2202676.0,2676.0,0.12163636363636363
1800000.0,1820716.2,20716.25,1.1509027777777778
800000.0,805609.9,5609.875,0.7012343750000001
1525000.0,1540593.0,15593.0,1.0224918032786885
1480000.0,1432270.9,-47729.125,-3.224940878378378
1400000.0,1395400.1,-4599.875,-0.3285625
1400000.0,1353495.8,-46504.25,-3.321732142857143
2500000.0,2485228.2,-14771.75,-0.59087
580000.0,593284.3,13284.3125,2.2903987068965517
1350000.0,1359093.2,9093.25,0.6735740740740741
2600000.0,2613927.8,13927.75,0.5356826923076924
940000.0,937529.8,-2470.1875,-0.26278590425531917
460000.0,460406.4,406.40625,0.0883491847826087
890800.0,888388.56,-2411.4375,-0.2707047036371801
800000.0,807285.94,7285.9375,0.9107421875
2400000.0,2432891.8,32891.75,1.3704895833333333
1350000.0,1370312.0,20312.0,1.5045925925925927
1850000.0,1838231.2,-11768.75,-0.6361486486486487
1580000.0,1583305.1,3305.125,0.20918512658227847
2940000.0,2905703.2,-34296.75,-1.1665561224489795
2400000.0,2401728.8,1728.75,0.07203125
900000.0,905921.0,5921.0,0.6578888888888889
2600000.0,2579062.5,-20937.5,-0.8052884615384615
1654000.0,1671230.6,17230.625,1.0417548367593712
370000.0,354519.12,-15480.875,-4.1840202702702705
1900000.0,1886167.8,-13832.25,-0.7280131578947369
688500.0,703114.25,14614.25,2.122621641249092
2357500.0,2366094.0,8594.0,0.3645387062566278
1200000.0,1174750.6,-25249.375,-2.1041145833333332
1150000.0,1193633.0,43633.0,3.7941739130434784
480000.0,501218.1,21218.09375,4.420436197916667
570000.0,585932.0,15932.0,2.7950877192982455
680000.0,682766.56,2766.5625,0.4068474264705882
1050000.0,1076184.1,26184.125,2.4937261904761905
290000.0,299608.94,9608.9375,3.3134267241379307
1100000.0,1068753.2,-31246.75,-2.8406136363636363
950000.0,954342.1,4342.125,0.45706578947368426
750000.0,754884.44,4884.4375,0.6512583333333334
340000.0,343813.22,3813.21875,1.1215349264705883
977500.0,981829.25,4329.25,0.4428900255754476
1370000.0,1378977.1,8977.125,0.6552645985401461
1950000.0,1944975.6,-5024.375,-0.2576602564102564
430000.0,413490.9,-16509.09375,-3.839324127906977
1650000.0,1659005.8,9005.75,0.5458030303030303
68000.0,66169.54,-1830.4609375,-2.691854319852941
720000.0,741685.06,21685.0625,3.011814236111111
1700000.0,1696250.9,-3749.125,-0.22053676470588235
370000.0,369813.12,-186.875,-0.05050675675675676
11000.0,20841.748,9841.748046875,89.47043678977272
2800000.0,2772738.0,-27262.0,-0.9736428571428571
1800000.0,1818821.8,18821.75,1.0456527777777778
700000.0,708865.9,8865.875,1.2665535714285714
2306000.0,2283728.8,-22271.25,-0.9657957502168256
1150000.0,1133779.2,-16220.75,-1.4104999999999999
1307000.0,1331866.2,24866.25,1.9025439938791127
1600400.0,1590221.0,-10179.0,-0.6360284928767809
800000.0,812502.7,12502.6875,1.5628359375
1800000.0,1752761.5,-47238.5,-2.624361111111111
1350000.0,1294203.5,-55796.5,-4.133074074074074
1840000.0,1770763.0,-69237.0,-3.762880434782609
2685000.0,2714057.0,29057.0,1.08219739292365
2200000.0,2196695.2,-3304.75,-0.1502159090909091
340000.0,334039.5,-5960.5,-1.7530882352941177
2200000.0,2207891.5,7891.5,0.3587045454545455
750000.0,749230.3,-769.6875,-0.10262500000000001
2900000.0,2877533.2,-22466.75,-0.7747155172413793
570000.0,573340.0,3340.0,0.5859649122807018
460000.0,415267.03,-44732.96875,-9.724558423913043
2000000.0,1978525.6,-21474.375,-1.07371875
1450000.0,1492959.4,42959.375,2.9627155172413793
1500000.0,1457833.2,-42166.75,-2.8111166666666665
930000.0,938800.25,8800.25,0.9462634408602152
11000.0,11809.928,809.927734375,7.362979403409091
1650000.0,1635678.2,-14321.75,-0.8679848484848485
1250000.0,1257061.5,7061.5,0.56492
1900000.0,1876728.0,-23272.0,-1.224842105263158
2500000.0,2483349.0,-16651.0,-0.6660400000000001
25000.0,22784.152,-2215.84765625,-8.863390625000001
490000.0,494989.03,4989.03125,1.018169642857143
930000.0,932757.56,2757.5625,0.29651209677419355
870000.0,820074.0,-49926.0,-5.738620689655172
385000.0,400628.56,15628.5625,4.059366883116883
1200000.0,1166388.4,-33611.625,-2.80096875
1600000.0,1611394.0,11394.0,0.712125
1800000.0,1798934.1,-1065.875,-0.05921527777777778
372000.0,389006.44,17006.4375,4.571622983870967
1700000.0,1695548.9,-4451.125,-0.2618308823529412
1270000.0,1265645.0,-4355.0,-0.34291338582677167
1300000.0,1309557.0,9557.0,0.7351538461538462
850000.0,835905.2,-14094.8125,-1.6582132352941175
1090000.0,1104832.5,14832.5,1.3607798165137615
1450000.0,1429259.2,-20740.75,-1.430396551724138
2900000.0,2890611.0,-9389.0,-0.32375862068965516
1900000.0,1913907.2,13907.25,0.7319605263157895
2300000.0,2316406.0,16406.0,0.713304347826087
900000.0,901201.94,1201.9375,0.1335486111111111
2500000.0,2462540.2,-37459.75,-1.4983899999999999
640000.0,637862.75,-2137.25,-0.3339453125
1280000.0,1293440.6,13440.625,1.050048828125
1050000.0,1061038.9,11038.875,1.0513214285714285
410000.0,374878.1,-35121.90625,-8.566318597560976
1495000.0,1483719.1,-11280.875,-0.7545735785953177
1400000.0,1392240.2,-7759.75,-0.5542678571428572
1350000.0,1340402.9,-9597.125,-0.7108981481481482
700000.0,700407.8,407.8125,0.058258928571428566
2500000.0,2530002.8,30002.75,1.20011
1960000.0,1987888.5,27888.5,1.4228826530612244
930000.0,993190.44,63190.4375,6.794670698924731
1500000.0,1502415.6,2415.625,0.16104166666666667
750000.0,753563.56,3563.5625,0.4751416666666667
1450000.0,1441752.2,-8247.75,-0.5688103448275862
2852500.0,2846786.2,-5713.75,-0.20030674846625768
980000.0,972803.8,-7196.1875,-0.7343048469387755
2450000.0,2444855.5,-5144.5,-0.20997959183673467
2000000.0,2015798.5,15798.5,0.789925
1800000.0,1817025.2,17025.25,0.9458472222222223
500000.0,485927.22,-14072.78125,-2.81455625
467500.0,463231.0,-4269.0,-0.9131550802139038
2121000.0,2124151.0,3151.0,0.14856199905704856
1550000.0,1581617.4,31617.375,2.0398306451612904
1800000.0,1796216.4,-3783.625,-0.2102013888888889
1880000.0,1931732.2,51732.25,2.751715425531915
850000.0,844196.6,-5803.375,-0.68275
12500.0,14175.641,1675.640625,13.405125000000002
2930000.0,2956853.0,26853.0,0.9164846416382253
1980000.0,2000333.8,20333.75,1.0269570707070705
2308500.0,2248212.2,-60287.75,-2.611555122373836
450000.0,432851.16,-17148.84375,-3.810854166666667
1660000.0,1636446.4,-23553.625,-1.4188930722891566
1500000.0,1515515.0,15515.0,1.0343333333333333
840000.0,838274.8,-1725.1875,-0.20537946428571427
380000.0,373607.3,-6392.6875,-1.6822861842105261
2086000.0,2160086.0,74086.0,3.551581975071908
1100000.0,1083178.2,-16821.75,-1.52925
1200000.0,1205255.1,5255.125,0.4379270833333333
2400000.0,2348823.2,-51176.75,-2.132364583333333
805000.0,810489.7,5489.6875,0.6819487577639752
2200000.0,2188315.8,-11684.25,-0.5311022727272727
735000.0,755114.06,20114.0625,2.736607142857143
2200000.0,2229552.2,29552.25,1.343284090909091
2400000.0,2353071.5,-46928.5,-1.9553541666666667
2550000.0,2564855.8,14855.75,0.582578431372549
2460000.0,2488145.5,28145.5,1.1441260162601627
1500000.0,1506621.8,6621.75,0.44145
1800000.0,1803498.1,3498.125,0.1943402777777778
350000.0,374782.97,24782.96875,7.080848214285715
415000.0,403329.1,-11670.90625,-2.8122665662650603
10500.0,16735.621,6235.62109375,59.386867559523814
1700000.0,1710683.5,10683.5,0.6284411764705882
1660000.0,1653914.6,-6085.375,-0.3665888554216868
3000000.0,2931880.0,-68120.0,-2.2706666666666666
420000.0,412247.2,-7752.8125,-1.8459077380952382
130000.0,130751.586,751.5859375,0.5781430288461539
1670000.0,1703135.4,33135.375,1.9841541916167664
750000.0,745491.9,-4508.125,-0.6010833333333333
1250000.0,1242366.9,-7633.125,-0.61065
1300000.0,1319166.9,19166.875,1.474375
300000.0,323256.84,23256.84375,7.752281249999999
970000.0,975711.8,5711.8125,0.5888466494845361
700000.0,684700.75,-15299.25,-2.185607142857143
950000.0,967071.2,17071.1875,1.796967105263158
1350000.0,1399846.2,49846.25,3.692314814814815
1700000.0,1708840.6,8840.625,0.5200367647058823
550000.0,565528.44,15528.4375,2.823352272727273
720000.0,725346.8,5346.8125,0.7426128472222222
2400000.0,2428481.8,28481.75,1.1867395833333334
2300000.0,2298293.8,-1706.25,-0.07418478260869565
8000.0,52.31168,-7947.688320159912,-99.3461040019989
1070000.0,1061558.1,-8441.875,-0.7889602803738318
1700000.0,1708661.2,8661.25,0.5094852941176471
465000.0,449459.2,-15540.8125,-3.342110215053763
1800000.0,1797439.6,-2560.375,-0.14224305555555555
400000.0,397094.06,-2905.9375,-0.726484375
1080000.0,1072189.4,-7810.625,-0.7232060185185185
760000.0,758672.8,-1327.1875,-0.1746299342105263
460000.0,445672.72,-14327.28125,-3.114626358695652
930000.0,949391.4,19391.375,2.0850940860215053
260000.0,267241.56,7241.5625,2.785216346153846
1300000.0,1304674.1,4674.125,0.35954807692307694
1800000.0,1785061.2,-14938.75,-0.8299305555555556
250000.0,257555.0,7555.0,3.0220000000000002
1470000.0,1510662.1,40662.125,2.7661309523809527
1400000.0,1410636.1,10636.125,0.7597232142857142
1150000.0,1167130.1,17130.125,1.4895760869565218
1900000.0,1836858.0,-63142.0,-3.3232631578947367
160000.0,148763.0,-11237.0,-7.023124999999999
800000.0,798210.94,-1789.0625,-0.2236328125
1600000.0,1617111.8,17111.75,1.069484375
2170000.0,2140875.2,-29124.75,-1.3421543778801843
720000.0,702042.44,-17957.5625,-2.4941059027777777
460000.0,461874.7,1874.6875,0.40754076086956526
1550000.0,1542741.0,-7259.0,-0.4683225806451613
800000.0,829716.6,29716.625,3.714578125
1024000.0,1049976.5,25976.5,2.536767578125
342000.0,325171.62,-16828.375,-4.920577485380117
2500000.0,2516517.8,16517.75,0.66071
1850000.0,1845123.6,-4876.375,-0.26358783783783785
580000.0,563279.7,-16720.3125,-2.8828125
800000.0,788148.8,-11851.1875,-1.4813984375
1500000.0,1412205.0,-87795.0,-5.853
420000.0,422840.12,2840.125,0.6762202380952381
940000.0,937616.7,-2383.3125,-0.25354388297872343
190000.0,180865.48,-9134.515625,-4.807639802631579
1600000.0,1597104.9,-2895.125,-0.1809453125
1550000.0,1545125.2,-4874.75,-0.3145
360000.0,362053.38,2053.375,0.5703819444444445
1850000.0,1835250.9,-14749.125,-0.79725
1150000.0,1130759.8,-19240.25,-1.6730652173913043
1200000.0,1182858.1,-17141.875,-1.4284895833333333
960000.0,953983.25,-6016.75,-0.6267447916666666
420000.0,385098.28,-34901.71875,-8.309933035714286
2500000.0,2540374.0,40374.0,1.61496
800000.0,803310.3,3310.3125,0.41378906249999997
1565000.0,1577295.6,12295.625,0.7856629392971246
340000.0,344112.84,4112.84375,1.209659926470588
600000.0,618563.1,18563.125,3.0938541666666666
1600000.0,1589733.8,-10266.25,-0.6416406250000001
1350000.0,1333522.5,-16477.5,-1.2205555555555556
2272000.0,2287289.0,15289.0,0.6729313380281691
2800000.0,2866558.8,66558.75,2.377098214285714
950000.0,973659.25,23659.25,2.4904473684210524
1695750.0,1704223.5,8473.5,0.49969040247678015
420000.0,406284.2,-13715.8125,-3.2656696428571426
2100000.0,2123582.5,23582.5,1.1229761904761906
740000.0,750243.7,10243.6875,1.3842820945945946
1350000.0,1315442.5,-34557.5,-2.559814814814815
2300000.0,2322678.2,22678.25,0.9860108695652174
1593000.0,1598157.5,5157.5,0.32376020087884494
2800000.0,2862114.2,62114.25,2.2183660714285716
1690000.0,1726326.4,36326.375,2.149489644970414
420000.0,403948.38,-16051.625,-3.821815476190476
2299500.0,2265554.0,-33946.0,-1.476233963905197
2200000.0,2196258.0,-3742.0,-0.17009090909090907
